2024-10-9 2:50:25, 26.39, 80.06, 1, 400, 15
2024-10-9 3:5:25, 29.33, 53.45, 1, 453, 48
2024-10-9 3:20:26, 29.54, 52.20, 2, 565, 110
2024-10-9 3:35:26, 29.31, 51.99, 1, 432, 38
2024-10-9 3:50:26, 29.01, 52.25, 1, 423, 34
2024-10-9 4:5:26, 28.85, 52.53, 1, 448, 45
2024-10-9 4:20:27, 28.84, 52.92, 2, 489, 66
2024-10-9 4:35:27, 28.75, 53.38, 2, 527, 87
2024-10-9 4:50:27, 28.72, 53.18, 2, 486, 65
2024-10-9 5:5:27, 28.63, 53.30, 2, 495, 70
2024-10-9 5:20:28, 28.53, 52.80, 1, 483, 63
2024-10-9 5:35:28, 28.54, 52.96, 1, 456, 49
2024-10-9 5:50:28, 28.51, 53.18, 2, 534, 91
2024-10-9 6:5:28, 28.41, 53.02, 2, 538, 94
2024-10-9 6:20:29, 28.35, 52.38, 1, 427, 36
2024-10-9 6:35:29, 28.38, 52.83, 2, 497, 70
2024-10-9 6:50:29, 28.32, 52.53, 1, 443, 43
2024-10-9 7:5:29, 28.31, 52.73, 1, 462, 52
2024-10-9 7:20:30, 28.23, 52.88, 1, 481, 62
2024-10-9 7:35:30, 28.23, 53.24, 2, 544, 97
2024-10-9 7:50:30, 28.24, 53.55, 2, 510, 78
2024-10-9 8:5:31, 28.26, 53.49, 2, 522, 84
2024-10-9 8:20:31, 28.28, 53.28, 2, 523, 85
2024-10-9 8:35:31, 28.21, 53.15, 2, 514, 80
2024-10-9 8:50:32, 28.25, 53.18, 2, 522, 84
2024-10-9 9:5:32, 28.26, 53.68, 2, 520, 83
2024-10-9 9:20:32, 28.29, 54.13, 2, 504, 74
2024-10-9 9:35:32, 28.30, 53.92, 2, 513, 79
2024-10-9 9:50:33, 28.31, 53.40, 1, 475, 59
2024-10-9 10:5:33, 28.33, 53.11, 1, 473, 58
2024-10-9 10:20:33, 28.32, 52.85, 2, 490, 67
2024-10-9 10:35:33, 28.32, 52.56, 1, 473, 58
2024-10-9 10:50:34, 28.34, 53.12, 1, 482, 63
2024-10-9 11:5:34, 28.34, 53.55, 1, 470, 56
2024-10-9 11:20:34, 28.32, 50.90, 1, 400, 0
2024-10-9 11:35:34, 28.26, 49.40, 1, 400, 0
2024-10-9 11:50:35, 28.24, 49.13, 1, 400, 0
2024-10-9 12:5:35, 28.28, 49.47, 3, 824, 366
2024-10-9 12:20:35, 28.33, 49.11, 1, 400, 7
2024-10-9 12:35:36, 28.62, 54.23, 2, 551, 101
2024-10-9 12:50:36, 28.84, 55.55, 2, 619, 145
2024-10-9 13:5:36, 28.94, 54.06, 2, 514, 80
2024-10-9 13:20:37, 29.06, 53.13, 1, 400, 20
2024-10-9 13:35:37, 28.78, 47.59, 1, 400, 0
2024-10-9 13:50:37, 28.82, 47.81, 1, 400, 21
2024-10-9 14:5:37, 28.77, 45.76, 1, 400, 0
2024-10-9 14:20:38, 28.80, 45.38, 1, 400, 0
2024-10-9 14:35:38, 28.58, 44.41, 1, 400, 0
2024-10-9 14:50:38, 28.38, 43.43, 1, 400, 0
2024-10-9 15:5:39, 28.54, 44.99, 1, 400, 20
2024-10-9 15:20:39, 28.44, 44.46, 1, 400, 8
2024-10-9 15:35:39, 28.35, 44.86, 1, 400, 14
2024-10-9 15:50:39, 28.36, 43.52, 1, 400, 12
2024-10-9 16:5:40, 28.37, 43.50, 1, 409, 28
2024-10-9 16:20:40, 28.27, 43.03, 1, 400, 13
2024-10-9 16:35:40, 28.32, 43.51, 1, 414, 30
2024-10-9 16:50:41, 28.37, 44.45, 2, 510, 78
2024-10-9 17:5:41, 28.36, 44.25, 2, 578, 117
2024-10-9 17:20:41, 28.31, 43.60, 2, 582, 120
2024-10-9 17:35:41, 28.34, 43.47, 2, 545, 97
2024-10-9 17:50:42, 28.43, 44.58, 2, 634, 155
2024-10-9 18:5:42, 28.44, 44.83, 2, 663, 177
2024-10-9 18:20:42, 28.41, 44.75, 2, 668, 180
2024-10-9 18:35:43, 28.43, 45.42, 2, 695, 202
2024-10-9 18:50:43, 28.43, 45.34, 2, 715, 218
2024-10-9 19:5:43, 28.43, 45.42, 2, 684, 193
2024-10-9 19:20:44, 28.58, 46.33, 3, 802, 302
2024-10-9 19:35:44, 28.49, 46.56, 3, 741, 240
2024-10-9 19:50:44, 28.56, 46.85, 3, 742, 242
2024-10-9 20:5:44, 28.41, 47.03, 3, 858, 473
2024-10-9 20:20:45, 28.41, 46.56, 4, 1140, 1614
2024-10-9 20:35:45, 28.38, 46.57, 3, 791, 287
2024-10-9 20:50:45, 28.39, 46.91, 3, 832, 392
2024-10-9 21:5:46, 28.36, 46.80, 3, 806, 315
2024-10-9 21:20:46, 28.36, 46.88, 3, 790, 287
2024-10-9 21:35:46, 28.36, 47.08, 3, 800, 296
2024-10-9 21:50:46, 28.36, 46.90, 3, 810, 327
2024-10-9 22:5:47, 28.34, 46.66, 3, 830, 386
2024-10-9 22:20:47, 28.31, 46.95, 3, 798, 294
2024-10-9 22:35:47, 28.30, 47.16, 3, 762, 260
2024-10-9 22:50:48, 28.24, 47.56, 2, 685, 194
2024-10-9 23:5:48, 28.36, 48.77, 3, 756, 254
2024-10-9 23:20:48, 28.37, 49.02, 3, 756, 254
2024-10-9 23:35:49, 28.47, 51.70, 3, 828, 380
2024-10-9 23:50:49, 28.60, 53.15, 3, 845, 431
2024-10-10 0:5:49, 28.71, 52.01, 3, 846, 436
2024-10-10 0:20:50, 28.96, 50.88, 4, 1067, 1277
2024-10-10 0:35:50, 29.31, 50.30, 3, 892, 588
2024-10-10 1:37:41, 26.98, 65.83, 1, 400, 0
2024-10-10 1:52:41, 29.56, 51.73, 1, 447, 45
2024-10-10 2:7:42, 29.88, 49.84, 1, 448, 46
2024-10-10 2:22:42, 29.79, 50.84, 2, 563, 109
2024-10-10 2:37:42, 29.63, 51.97, 2, 599, 131
2024-10-10 2:52:42, 29.53, 52.85, 2, 691, 198
2024-10-10 3:7:43, 29.42, 53.46, 2, 663, 176
2024-10-10 3:22:43, 29.26, 53.25, 2, 642, 161
2024-10-10 3:37:43, 29.19, 54.56, 2, 630, 153
2024-10-10 3:52:44, 29.15, 54.39, 2, 610, 139
2024-10-10 4:7:44, 29.00, 54.61, 2, 627, 150
2024-10-10 4:22:44, 29.02, 54.57, 2, 645, 163
2024-10-10 4:37:44, 29.01, 54.25, 2, 618, 144
2024-10-10 4:52:45, 28.94, 53.63, 2, 652, 168
2024-10-10 5:7:45, 28.90, 53.32, 3, 802, 304
2024-10-10 5:22:45, 28.85, 52.87, 2, 677, 187
2024-10-10 5:37:46, 28.81, 53.28, 2, 637, 157
2024-10-10 5:52:46, 28.75, 52.88, 2, 570, 112
2024-10-10 6:7:46, 28.76, 52.82, 2, 564, 109
2024-10-10 6:22:46, 28.75, 52.64, 2, 589, 125
2024-10-10 6:37:47, 28.74, 52.04, 2, 666, 179
2024-10-10 6:52:47, 28.65, 51.28, 2, 591, 126
2024-10-10 7:7:47, 28.67, 51.27, 2, 559, 106
2024-10-10 7:22:48, 28.67, 51.16, 2, 589, 125
2024-10-10 7:37:48, 28.62, 51.12, 4, 1185, 1838
2024-10-10 7:52:48, 28.59, 51.10, 4, 1137, 1599
2024-10-10 8:7:48, 28.60, 50.70, 4, 915, 666
2024-10-10 8:22:49, 28.71, 50.61, 4, 969, 868
2024-10-10 8:37:49, 28.70, 50.65, 3, 852, 454
2024-10-10 8:52:49, 28.67, 50.69, 3, 796, 292
2024-10-10 9:7:50, 28.71, 50.56, 2, 708, 212
2024-10-10 9:22:50, 28.72, 50.13, 2, 640, 159
2024-10-10 9:37:50, 28.71, 49.91, 2, 557, 104
2024-10-10 9:52:51, 28.77, 49.31, 2, 555, 103
2024-10-10 10:7:51, 28.68, 48.80, 4, 992, 962
2024-10-10 10:22:51, 28.67, 48.98, 4, 1113, 1489
2024-10-10 10:37:51, 28.68, 49.17, 4, 1033, 1129
2024-10-10 10:52:52, 28.71, 48.95, 3, 907, 641
2024-10-10 11:7:52, 28.71, 48.88, 3, 830, 385
2024-10-10 11:22:52, 28.71, 49.02, 3, 755, 253
2024-10-10 11:37:53, 28.74, 49.38, 2, 683, 192
2024-10-10 11:52:53, 28.76, 49.70, 2, 629, 152
2024-10-10 12:7:53, 28.77, 49.74, 2, 580, 119
2024-10-10 12:22:53, 28.80, 49.60, 3, 874, 525
2024-10-10 12:37:54, 28.82, 49.71, 3, 806, 315
2024-10-10 12:52:54, 28.84, 49.99, 2, 711, 215
2024-10-10 13:7:54, 28.77, 50.44, 4, 1145, 1637
2024-10-10 13:22:55, 28.88, 50.12, 3, 856, 467
2024-10-10 13:37:55, 28.89, 49.95, 2, 698, 204
2024-10-10 13:52:55, 28.76, 48.19, 1, 400, 6
2024-10-10 14:7:56, 28.85, 47.97, 1, 418, 32
2024-10-10 14:22:56, 28.96, 47.36, 1, 431, 38
2024-10-10 14:37:56, 28.98, 48.53, 1, 400, 1
2024-10-10 14:52:56, 28.90, 45.47, 1, 400, 0
2024-10-10 15:7:57, 29.20, 45.49, 1, 400, 0
2024-10-10 15:22:57, 29.56, 44.90, 1, 400, 0
2024-10-10 15:37:57, 29.71, 43.80, 1, 400, 0
2024-10-10 15:52:58, 29.85, 42.81, 1, 400, 0
2024-10-10 16:7:58, 29.94, 42.99, 1, 400, 0
2024-10-10 16:22:58, 29.99, 42.91, 1, 400, 0
2024-10-10 16:37:59, 29.72, 42.26, 1, 400, 0
2024-10-10 16:52:59, 29.64, 42.49, 1, 400, 0
2024-10-10 17:7:59, 29.45, 42.80, 1, 400, 0
2024-10-10 17:22:59, 29.24, 43.28, 1, 400, 14
2024-10-10 17:38:0, 29.14, 44.64, 1, 410, 28
2024-10-10 17:53:0, 29.10, 45.45, 1, 443, 43
2024-10-10 18:8:0, 29.05, 46.17, 1, 447, 45
2024-10-10 18:23:1, 29.00, 46.76, 1, 473, 58
2024-10-10 18:38:1, 28.95, 47.03, 2, 497, 70
2024-10-10 18:53:1, 29.03, 47.27, 2, 519, 83
2024-10-10 19:8:2, 28.96, 47.35, 2, 528, 88
2024-10-10 19:23:2, 28.95, 48.34, 2, 584, 122
2024-10-10 19:38:2, 28.91, 48.12, 2, 608, 137
2024-10-10 19:53:2, 28.81, 48.22, 2, 573, 115
2024-10-10 20:8:3, 28.84, 48.24, 2, 543, 96
2024-10-10 20:23:3, 28.80, 48.73, 2, 561, 107
2024-10-10 20:38:3, 28.79, 49.01, 2, 583, 121
2024-10-10 20:53:4, 28.75, 49.25, 2, 591, 126
2024-10-10 21:8:4, 28.80, 49.67, 2, 680, 190
2024-10-10 21:23:4, 28.84, 50.12, 3, 769, 266
2024-10-10 21:38:5, 28.98, 51.72, 3, 749, 248
2024-10-10 21:53:5, 28.97, 52.37, 3, 743, 243
2024-10-10 22:8:5, 29.09, 54.56, 4, 992, 961
2024-10-10 22:23:6, 29.45, 53.68, 4, 935, 740
2024-10-10 22:38:6, 29.83, 53.32, 3, 908, 643
2024-10-10 22:53:6, 29.83, 50.76, 3, 845, 432
2024-10-10 23:8:6, 29.64, 53.66, 3, 862, 486
2024-10-10 23:23:7, 29.80, 52.83, 3, 830, 384
2024-10-10 23:38:7, 29.76, 53.47, 3, 838, 409
2024-10-10 23:53:7, 29.84, 50.43, 3, 756, 254
2024-10-11 0:8:8, 29.66, 50.76, 3, 777, 274
2024-10-11 0:23:8, 29.94, 52.13, 3, 816, 342
2024-10-11 0:38:8, 30.05, 55.35, 3, 813, 335
2024-10-11 0:53:9, 30.03, 51.45, 4, 1213, 1978
2024-10-11 1:8:9, 30.23, 48.84, 4, 928, 715
2024-10-11 1:23:9, 30.10, 48.79, 4, 983, 924
2024-10-11 1:38:10, 29.93, 50.31, 3, 864, 493
2024-10-11 1:53:10, 29.68, 50.30, 3, 827, 377
2024-10-11 2:8:10, 29.39, 51.71, 3, 827, 376
2024-10-11 2:23:10, 29.31, 51.79, 3, 831, 389
2024-10-11 2:38:11, 29.14, 51.41, 3, 802, 304
2024-10-11 2:53:11, 28.98, 51.65, 3, 785, 281
2024-10-11 3:8:11, 28.86, 51.86, 3, 813, 335
2024-10-11 3:23:12, 28.80, 52.58, 3, 817, 347
2024-10-11 3:38:12, 28.64, 52.93, 3, 813, 335
2024-10-11 3:53:12, 28.58, 52.99, 3, 814, 338
2024-10-11 4:8:13, 28.67, 52.76, 3, 801, 299
2024-10-11 4:23:13, 28.68, 52.83, 3, 836, 403
2024-10-11 4:38:13, 28.55, 52.22, 3, 812, 331
2024-10-11 4:53:14, 28.45, 52.80, 3, 806, 313
2024-10-11 5:8:14, 28.41, 52.66, 3, 822, 362
2024-10-11 5:23:14, 28.37, 52.72, 3, 841, 420
2024-10-11 5:38:14, 28.32, 52.63, 3, 816, 343
2024-10-11 5:53:15, 28.26, 51.97, 3, 822, 362
2024-10-11 6:8:15, 28.22, 51.82, 3, 899, 609
2024-10-11 6:23:15, 28.16, 52.01, 3, 861, 482
2024-10-11 6:38:16, 28.08, 51.91, 4, 948, 787
2024-10-11 6:53:16, 28.07, 51.83, 3, 854, 460
2024-10-11 7:8:16, 28.08, 51.82, 3, 862, 487
2024-10-11 7:23:16, 28.02, 52.43, 3, 852, 455
2024-10-11 7:38:17, 28.03, 52.69, 3, 834, 399
2024-10-11 7:53:17, 27.99, 52.17, 3, 810, 326
2024-10-11 8:8:17, 28.05, 51.86, 3, 814, 339
2024-10-11 8:23:17, 28.07, 52.45, 3, 833, 394
2024-10-11 8:38:18, 28.06, 52.94, 3, 842, 423
2024-10-11 8:53:18, 28.07, 52.40, 3, 844, 429
2024-10-11 9:8:18, 28.10, 52.20, 5, 1648, 4659
2024-10-11 9:23:19, 28.32, 54.32, 4, 917, 673
2024-10-11 9:38:19, 28.49, 54.81, 3, 890, 580
2024-10-11 9:53:19, 28.54, 51.43, 3, 801, 300
2024-10-11 10:8:20, 28.06, 51.05, 3, 890, 581
2024-10-11 10:23:20, 28.45, 49.81, 3, 737, 237
2024-10-11 10:38:20, 28.44, 49.62, 2, 638, 158
2024-10-11 10:53:20, 28.33, 48.79, 2, 580, 119
2024-10-11 11:8:21, 28.39, 47.96, 2, 559, 106
2024-10-11 11:23:21, 28.40, 49.49, 2, 628, 151
2024-10-11 11:38:21, 28.47, 47.87, 3, 735, 235
2024-10-11 11:53:22, 28.49, 50.90, 3, 794, 291
2024-10-11 12:8:22, 28.36, 50.25, 3, 901, 617
2024-10-11 12:23:22, 28.50, 52.38, 3, 754, 252
2024-10-11 12:38:22, 28.49, 49.61, 2, 593, 127
2024-10-11 12:53:23, 28.50, 46.87, 2, 579, 118
2024-10-11 13:8:23, 28.59, 47.96, 2, 652, 168
2024-10-11 13:23:23, 28.13, 45.39, 2, 685, 193
2024-10-11 13:38:24, 29.06, 48.66, 3, 751, 249
2024-10-11 13:53:24, 29.21, 45.14, 2, 616, 142
2024-10-11 14:8:24, 29.17, 44.41, 2, 671, 182
2024-10-11 14:23:25, 29.22, 44.62, 2, 709, 213
2024-10-11 14:38:25, 29.49, 44.44, 2, 690, 197
2024-10-11 14:53:25, 29.53, 43.69, 2, 672, 183
2024-10-11 15:8:25, 29.67, 42.78, 3, 823, 364
2024-10-11 15:23:26, 29.88, 42.40, 2, 616, 143
2024-10-11 15:38:26, 29.73, 39.47, 2, 585, 122
2024-10-11 15:53:26, 29.97, 39.23, 2, 595, 128
2024-10-11 16:8:27, 30.05, 39.02, 3, 877, 536
2024-10-11 16:23:27, 30.05, 39.12, 2, 605, 135
2024-10-11 16:38:27, 30.12, 38.20, 2, 587, 123
2024-10-11 16:53:28, 30.21, 39.42, 2, 687, 195
2024-10-11 17:8:28, 30.31, 39.46, 2, 571, 113
2024-10-11 17:23:28, 30.19, 38.82, 2, 595, 128
2024-10-11 17:38:28, 30.10, 39.02, 3, 769, 266
2024-10-11 17:53:29, 29.96, 39.49, 2, 628, 151
2024-10-11 18:8:29, 30.03, 39.44, 2, 626, 150
2024-10-11 18:23:29, 30.07, 40.16, 2, 693, 200
2024-10-11 18:38:30, 30.01, 40.86, 3, 731, 232
2024-10-11 18:53:30, 30.05, 42.42, 3, 805, 312
2024-10-11 19:8:30, 29.78, 44.73, 3, 793, 290
2024-10-11 19:23:30, 29.75, 44.38, 2, 706, 210
2024-10-11 19:38:31, 30.13, 46.08, 3, 830, 386
2024-10-11 19:53:31, 30.06, 46.65, 3, 823, 365
2024-10-11 20:8:31, 29.84, 47.22, 3, 894, 593
2024-10-11 20:23:32, 29.80, 46.47, 3, 830, 387
2024-10-11 20:38:32, 29.98, 47.52, 3, 859, 477
2024-10-11 20:53:32, 29.83, 46.24, 3, 869, 509
2024-10-11 21:8:33, 29.61, 45.95, 3, 903, 625
2024-10-11 21:23:33, 29.55, 46.16, 4, 1008, 1028
2024-10-11 21:38:33, 29.45, 46.85, 4, 1002, 1001
2024-10-11 21:53:34, 29.43, 46.62, 4, 1128, 1560
2024-10-11 22:8:34, 29.40, 45.96, 3, 903, 624
2024-10-11 22:23:34, 29.57, 45.46, 3, 865, 497
2024-10-11 22:38:34, 29.60, 45.17, 3, 858, 473
2024-10-11 22:53:35, 29.78, 45.25, 3, 867, 502
2024-10-11 23:8:35, 29.84, 46.86, 3, 888, 573
2024-10-11 23:23:35, 29.71, 47.76, 3, 874, 525
2024-10-11 23:38:36, 29.75, 47.01, 3, 864, 493
2024-10-11 23:53:36, 29.75, 46.32, 4, 954, 813
2024-10-12 0:8:36, 29.74, 47.45, 3, 895, 598
2024-10-12 0:23:37, 30.02, 47.08, 4, 962, 842
2024-10-12 0:38:37, 29.94, 46.30, 3, 880, 545
2024-10-12 0:53:37, 30.02, 45.59, 3, 861, 484
2024-10-12 1:8:38, 29.98, 45.77, 3, 851, 450
2024-10-12 1:23:38, 29.84, 45.57, 4, 975, 893
2024-10-12 1:38:38, 29.87, 45.95, 3, 889, 575
2024-10-12 1:53:38, 29.86, 45.83, 3, 853, 456
2024-10-12 2:8:39, 29.77, 45.99, 3, 847, 440
2024-10-12 2:23:39, 29.75, 45.96, 4, 942, 765
2024-10-12 2:38:39, 29.88, 47.78, 4, 1048, 1194
2024-10-12 2:53:39, 29.72, 49.27, 4, 1063, 1258
2024-10-12 3:8:40, 29.59, 50.03, 4, 1130, 1568
2024-10-12 3:23:40, 29.45, 51.31, 5, 1358, 2781
2024-10-12 3:38:40, 29.43, 51.89, 4, 1177, 1797
2024-10-12 3:53:41, 29.40, 52.12, 5, 1658, 4731
2024-10-12 4:8:41, 29.46, 52.67, 5, 1452, 3351
2024-10-12 4:23:41, 29.44, 52.42, 4, 1186, 1841
2024-10-12 4:38:42, 29.46, 52.05, 4, 1107, 1460
2024-10-12 4:53:42, 29.49, 52.48, 4, 1082, 1347
2024-10-12 5:8:42, 29.45, 52.58, 4, 1037, 1145
2024-10-12 5:23:42, 29.45, 53.64, 4, 1004, 1011
2024-10-12 5:38:43, 29.43, 52.86, 4, 1015, 1054
2024-10-12 5:53:43, 29.39, 52.35, 4, 1029, 1210
2024-10-12 6:8:43, 29.37, 52.40, 4, 995, 974
2024-10-12 6:23:44, 29.38, 52.18, 4, 1019, 1071
2024-10-12 6:38:44, 29.35, 51.89, 4, 1052, 1213
2024-10-12 6:53:44, 29.41, 51.80, 4, 1021, 1079
2024-10-12 7:8:45, 29.38, 51.99, 4, 1004, 1010
2024-10-12 7:23:45, 29.37, 52.02, 4, 1002, 1001
2024-10-12 7:38:45, 29.35, 52.48, 4, 1137, 1599
2024-10-12 7:53:46, 29.34, 52.59, 4, 1106, 1456
2024-10-12 8:8:46, 29.28, 52.40, 5, 1352, 2746
2024-10-12 8:23:46, 29.30, 52.15, 4, 1236, 2098
2024-10-12 8:38:47, 29.26, 52.63, 5, 2131, 6250
2024-10-12 8:53:47, 29.30, 52.50, 5, 2109, 6187
2024-10-12 9:8:47, 29.28, 52.32, 5, 1695, 4998
2024-10-12 9:23:47, 29.29, 52.24, 5, 1514, 3750
2024-10-12 9:38:48, 29.33, 51.97, 5, 1638, 4589
2024-10-12 9:53:48, 29.30, 51.57, 5, 1399, 3024
2024-10-12 10:8:48, 29.28, 51.02, 5, 1306, 2479
2024-10-12 10:23:48, 29.31, 50.65, 4, 1205, 1940
2024-10-12 10:38:49, 29.35, 50.48, 5, 1364, 2812
2024-10-12 10:53:49, 29.36, 50.28, 4, 1206, 1943
2024-10-12 11:8:49, 29.37, 50.42, 4, 1154, 1684
2024-10-12 11:23:50, 29.31, 50.26, 5, 1437, 3256
2024-10-12 11:38:50, 29.36, 50.46, 5, 1277, 2323
2024-10-12 11:53:50, 29.21, 46.17, 3, 799, 295
2024-10-12 12:8:51, 29.08, 42.40, 2, 579, 118
2024-10-12 12:23:51, 28.97, 39.58, 1, 406, 26
2024-10-12 12:38:51, 28.84, 39.59, 1, 450, 47
2024-10-12 12:53:51, 28.92, 39.16, 1, 426, 35
2024-10-12 13:8:52, 28.97, 39.50, 4, 1252, 2184
2024-10-12 13:23:52, 28.98, 39.60, 2, 500, 72
2024-10-12 13:38:52, 29.02, 39.31, 2, 528, 88
2024-10-12 13:53:53, 28.84, 36.21, 1, 440, 42
2024-10-12 14:8:53, 29.09, 37.69, 2, 683, 192
2024-10-12 14:23:53, 29.08, 37.11, 2, 490, 67
2024-10-12 14:38:54, 29.29, 38.30, 1, 412, 29
2024-10-12 14:53:54, 29.11, 37.56, 1, 400, 0
2024-10-12 15:8:54, 29.09, 37.41, 1, 400, 0
2024-10-12 15:23:55, 29.25, 37.78, 1, 400, 0
2024-10-12 15:38:55, 29.34, 39.05, 1, 425, 35
2024-10-12 15:53:55, 29.31, 37.72, 1, 400, 16
2024-10-12 16:8:55, 29.30, 37.85, 1, 400, 14
2024-10-12 16:23:56, 29.35, 37.84, 1, 400, 21
2024-10-12 16:38:56, 29.32, 37.75, 1, 412, 29
2024-10-12 16:53:56, 29.36, 38.46, 1, 417, 31
2024-10-12 17:8:57, 29.33, 38.45, 1, 444, 44
2024-10-12 17:23:57, 29.30, 38.31, 1, 479, 61
2024-10-12 17:38:57, 29.29, 37.21, 1, 461, 52
2024-10-12 17:53:58, 29.20, 36.87, 1, 445, 44
2024-10-12 18:8:58, 29.18, 37.39, 1, 440, 42
2024-10-12 18:23:58, 29.23, 38.37, 1, 482, 63
2024-10-12 18:38:58, 29.23, 39.42, 2, 552, 102
2024-10-12 18:53:59, 29.22, 40.03, 2, 558, 105
2024-10-12 19:8:59, 29.26, 40.61, 2, 596, 129
2024-10-12 19:23:59, 29.18, 41.10, 2, 628, 151
2024-10-12 19:39:0, 29.25, 41.36, 2, 642, 161
2024-10-12 19:54:0, 29.20, 41.32, 2, 631, 153
2024-10-12 20:9:0, 29.16, 41.78, 2, 677, 187
2024-10-12 20:24:1, 29.21, 42.08, 3, 717, 220
2024-10-12 20:39:1, 29.16, 42.72, 3, 834, 398
2024-10-12 20:54:1, 28.97, 43.01, 3, 749, 248
2024-10-12 21:9:1, 28.89, 43.16, 3, 728, 229
2024-10-12 21:24:2, 28.98, 43.26, 3, 732, 233
2024-10-12 21:39:2, 28.94, 43.51, 3, 742, 241
2024-10-12 21:54:2, 28.94, 43.77, 3, 859, 478
2024-10-12 22:9:3, 28.94, 44.01, 3, 816, 345
2024-10-12 22:24:3, 28.97, 44.14, 3, 809, 323
2024-10-12 22:39:3, 28.94, 44.36, 3, 808, 321
2024-10-12 22:54:4, 28.95, 44.48, 3, 877, 536
2024-10-12 23:9:4, 28.85, 44.83, 3, 823, 366
2024-10-12 23:24:4, 28.83, 44.83, 3, 729, 230
2024-10-12 23:39:5, 28.89, 45.16, 3, 807, 317
2024-10-12 23:54:5, 29.00, 47.58, 3, 799, 295
2024-10-13 0:9:5, 29.26, 45.88, 3, 786, 283
2024-10-13 0:24:5, 29.34, 46.27, 3, 893, 591
2024-10-13 0:39:6, 29.53, 44.97, 3, 799, 295
2024-10-13 0:54:6, 29.69, 48.00, 3, 864, 495
2024-10-13 1:9:6, 30.01, 48.78, 3, 875, 528
2024-10-13 1:24:7, 29.95, 47.06, 3, 833, 395
2024-10-13 1:39:7, 30.08, 47.36, 3, 839, 412
2024-10-13 1:54:7, 30.14, 45.01, 3, 803, 304
2024-10-13 2:9:8, 30.04, 44.99, 3, 824, 368
2024-10-13 2:24:8, 30.09, 44.09, 3, 801, 300
2024-10-13 2:39:8, 30.09, 44.27, 3, 821, 358
2024-10-13 2:54:8, 29.84, 44.80, 3, 857, 472
2024-10-13 3:9:9, 29.97, 43.96, 5, 1359, 2784
2024-10-13 3:24:9, 29.92, 43.90, 4, 952, 802
2024-10-13 3:39:9, 29.86, 46.33, 4, 929, 719
2024-10-13 3:54:10, 29.76, 46.93, 4, 924, 698
2024-10-13 4:9:10, 29.59, 46.29, 3, 905, 632
2024-10-13 4:24:10, 29.42, 46.30, 3, 894, 593
2024-10-13 4:39:10, 29.20, 46.41, 4, 925, 705
2024-10-13 4:54:11, 29.18, 46.32, 5, 2154, 6313
2024-10-13 5:9:11, 29.13, 46.60, 5, 1753, 5159
2024-10-13 5:24:11, 29.05, 46.95, 4, 1007, 1022
2024-10-13 5:39:12, 29.00, 47.97, 3, 903, 624
2024-10-13 5:54:12, 28.98, 48.18, 3, 901, 619
2024-10-13 6:9:12, 28.94, 47.65, 3, 897, 604
2024-10-13 6:24:12, 28.88, 47.13, 3, 866, 499
2024-10-13 6:39:13, 28.89, 46.96, 3, 880, 547
2024-10-13 6:54:13, 28.85, 46.72, 3, 878, 538
2024-10-13 7:9:13, 28.81, 46.75, 3, 892, 586
2024-10-13 7:24:14, 28.81, 46.74, 3, 891, 583
2024-10-13 7:39:14, 28.82, 47.26, 3, 887, 569
2024-10-13 7:54:14, 28.79, 47.78, 3, 903, 623
2024-10-13 8:9:14, 28.80, 47.49, 3, 892, 585
2024-10-13 8:24:15, 28.79, 46.77, 3, 889, 577
2024-10-13 8:39:15, 28.77, 46.64, 3, 898, 608
2024-10-13 8:54:15, 28.77, 46.72, 4, 924, 701
2024-10-13 9:9:16, 28.77, 46.75, 5, 1318, 2551
2024-10-13 9:24:16, 28.79, 47.33, 4, 963, 847
2024-10-13 9:39:16, 28.88, 46.89, 3, 880, 546
2024-10-13 9:54:17, 28.84, 46.22, 4, 975, 894
2024-10-13 10:9:17, 28.91, 46.15, 3, 821, 359
2024-10-13 10:24:17, 28.87, 45.41, 3, 811, 328
2024-10-13 10:39:17, 28.95, 46.16, 4, 1090, 1379
2024-10-13 10:54:18, 29.03, 46.44, 4, 921, 689
2024-10-13 11:9:18, 29.09, 46.19, 3, 862, 487
2024-10-13 11:24:18, 29.11, 46.74, 3, 852, 453
2024-10-13 11:39:19, 29.14, 46.19, 3, 894, 595
2024-10-13 11:54:19, 29.15, 45.34, 3, 805, 312
2024-10-13 12:9:19, 29.18, 46.28, 3, 837, 408
2024-10-13 12:24:19, 29.19, 46.31, 3, 857, 471
2024-10-13 12:39:20, 29.20, 45.62, 3, 831, 388
2024-10-13 12:54:20, 29.22, 45.16, 3, 838, 412
2024-10-13 13:9:20, 29.16, 44.82, 2, 606, 136
2024-10-13 13:24:21, 29.27, 45.86, 3, 886, 565
2024-10-13 13:39:21, 29.38, 46.72, 4, 1215, 1990
2024-10-13 13:54:21, 29.46, 47.19, 3, 909, 645
2024-10-13 14:9:22, 29.35, 44.30, 2, 645, 163
2024-10-13 14:24:22, 29.38, 44.11, 2, 612, 140
2024-10-13 14:39:22, 29.23, 43.65, 2, 495, 69
2024-10-13 14:54:23, 28.97, 42.42, 1, 461, 52
2024-10-13 15:9:23, 29.06, 41.08, 1, 465, 54
2024-10-13 15:24:23, 28.96, 39.91, 1, 400, 18
2024-10-13 15:39:23, 28.98, 40.16, 1, 449, 46
2024-10-13 15:54:24, 28.89, 40.05, 1, 435, 40
2024-10-13 16:9:24, 28.97, 40.36, 1, 476, 60
2024-10-13 16:24:24, 28.95, 40.83, 2, 525, 86
2024-10-13 16:39:25, 28.87, 40.75, 1, 479, 61
2024-10-13 16:54:25, 28.83, 40.96, 1, 485, 64
2024-10-13 17:9:25, 28.93, 41.11, 2, 511, 78
2024-10-13 17:24:26, 28.96, 41.46, 2, 507, 76
2024-10-13 17:39:26, 29.18, 42.50, 2, 592, 126
2024-10-13 17:54:26, 29.45, 42.16, 2, 625, 149
2024-10-13 18:9:26, 29.67, 41.93, 2, 654, 169
2024-10-13 18:24:27, 29.76, 41.89, 2, 666, 178
2024-10-13 18:39:27, 30.03, 42.82, 3, 835, 400
2024-10-13 18:54:27, 30.48, 45.05, 4, 967, 863
2024-10-13 19:9:28, 30.77, 46.05, 4, 1083, 1351
2024-10-13 19:24:28, 30.66, 46.11, 4, 991, 958
2024-10-13 19:39:28, 30.69, 45.47, 4, 949, 791
2024-10-13 19:54:28, 30.71, 44.35, 3, 899, 611
2024-10-13 20:9:29, 30.61, 43.69, 3, 813, 334
2024-10-13 20:24:29, 30.56, 43.75, 4, 940, 758
2024-10-13 20:39:29, 30.39, 43.97, 3, 832, 392
2024-10-13 20:54:30, 30.40, 44.10, 3, 823, 364
2024-10-13 21:9:30, 30.35, 43.80, 3, 801, 300
2024-10-13 21:24:30, 30.29, 43.78, 3, 766, 263
2024-10-13 21:39:31, 30.31, 43.72, 3, 801, 299
2024-10-13 21:54:31, 30.33, 43.76, 3, 805, 313
2024-10-13 22:9:31, 30.23, 43.79, 3, 788, 284
2024-10-13 22:24:31, 30.32, 44.17, 3, 836, 403
2024-10-13 22:39:32, 30.40, 45.54, 3, 807, 317
2024-10-13 22:54:32, 30.55, 45.88, 3, 818, 350
2024-10-13 23:9:32, 30.41, 48.09, 3, 813, 334
2024-10-13 23:24:32, 30.56, 46.50, 3, 807, 318
2024-10-13 23:39:33, 30.58, 45.22, 3, 746, 245
2024-10-13 23:54:33, 30.61, 44.81, 3, 744, 243
2024-10-14 0:9:33, 30.72, 45.92, 3, 798, 294
2024-10-14 0:24:34, 30.84, 44.97, 3, 818, 350
2024-10-14 0:39:34, 31.00, 44.81, 3, 843, 426
2024-10-14 0:54:34, 30.77, 45.05, 3, 852, 453
2024-10-14 1:9:35, 30.89, 45.50, 3, 848, 442
2024-10-14 1:24:35, 30.88, 45.06, 3, 850, 448
2024-10-14 1:39:35, 30.91, 44.69, 4, 1098, 1418
2024-10-14 1:54:35, 31.01, 44.99, 4, 1074, 1311
2024-10-14 2:9:36, 31.00, 44.63, 4, 942, 765
2024-10-14 2:24:36, 31.07, 44.92, 3, 878, 538
2024-10-14 2:39:36, 30.94, 45.75, 3, 872, 518
2024-10-14 2:54:37, 30.63, 46.25, 3, 857, 469
2024-10-14 3:9:37, 30.49, 46.71, 3, 872, 519
2024-10-14 3:24:37, 30.29, 46.74, 3, 856, 468
2024-10-14 3:39:37, 30.18, 47.32, 3, 894, 592
2024-10-14 3:54:38, 30.05, 47.42, 3, 905, 632
2024-10-14 4:9:38, 30.03, 47.88, 4, 933, 734
2024-10-14 4:24:38, 30.02, 48.23, 3, 892, 586
2024-10-14 4:39:39, 29.95, 47.90, 4, 923, 698
2024-10-14 4:54:39, 29.92, 47.96, 4, 949, 794
2024-10-14 5:9:39, 29.90, 48.11, 3, 904, 629
2024-10-14 5:24:39, 29.87, 48.24, 3, 906, 636
2024-10-14 5:39:40, 29.83, 48.41, 4, 966, 857
2024-10-14 5:54:40, 29.83, 48.49, 4, 922, 693
2024-10-14 6:9:40, 29.80, 47.82, 4, 914, 663
2024-10-14 6:24:41, 29.78, 48.22, 3, 891, 583
2024-10-14 6:39:41, 29.80, 48.63, 4, 929, 720
2024-10-14 6:54:41, 29.83, 48.53, 4, 949, 793
2024-10-14 7:9:41, 29.83, 49.06, 4, 945, 778
2024-10-14 7:24:42, 29.97, 49.85, 4, 1016, 1060
2024-10-14 7:39:42, 29.93, 49.16, 3, 883, 556
2024-10-14 7:54:42, 29.89, 47.98, 3, 837, 406
2024-10-14 8:9:43, 29.86, 49.55, 3, 845, 431
2024-10-14 8:24:43, 29.79, 49.68, 3, 840, 416
2024-10-14 8:39:43, 29.74, 49.10, 3, 820, 356
2024-10-14 8:54:44, 29.75, 48.70, 3, 846, 434
2024-10-14 9:9:44, 29.71, 48.60, 3, 842, 424
2024-10-14 9:24:44, 29.68, 49.58, 3, 897, 603
2024-10-14 9:39:44, 29.50, 47.63, 3, 786, 282
2024-10-14 9:54:45, 29.23, 47.58, 2, 702, 207
2024-10-14 10:9:45, 29.23, 46.96, 2, 643, 162
2024-10-14 10:24:45, 29.16, 46.97, 2, 612, 140
2024-10-14 10:39:46, 28.99, 46.81, 2, 584, 121
2024-10-14 10:54:46, 28.91, 47.43, 2, 636, 157
2024-10-14 11:9:46, 28.43, 48.01, 2, 575, 116
2024-10-14 11:24:46, 28.60, 48.79, 2, 702, 207
2024-10-14 11:39:47, 28.48, 49.06, 2, 628, 151
2024-10-14 11:54:47, 28.20, 49.20, 2, 581, 119
2024-10-14 12:9:47, 28.45, 50.08, 2, 650, 167
2024-10-14 12:24:48, 28.71, 52.38, 3, 798, 295
2024-10-14 12:39:48, 28.69, 52.25, 3, 742, 241
2024-10-14 12:54:48, 28.65, 52.21, 2, 705, 210
2024-10-14 13:9:48, 28.74, 54.00, 2, 689, 196
2024-10-14 13:24:49, 28.82, 53.81, 2, 686, 194
2024-10-14 13:39:49, 28.67, 53.53, 2, 642, 161
2024-10-14 13:54:49, 28.70, 51.80, 2, 628, 151
2024-10-14 14:9:50, 28.71, 51.73, 2, 622, 147
2024-10-14 14:24:50, 28.73, 50.13, 2, 575, 116
2024-10-14 14:39:50, 28.49, 44.53, 2, 560, 107
2024-10-14 14:54:51, 28.63, 45.48, 2, 605, 135
2024-10-14 15:9:51, 28.62, 45.30, 2, 620, 145
2024-10-14 15:24:51, 28.61, 43.10, 2, 605, 135
2024-10-14 15:39:52, 28.65, 43.15, 2, 710, 214
2024-10-14 15:54:52, 28.69, 42.94, 3, 758, 256
2024-10-14 16:9:52, 28.72, 43.71, 2, 691, 198
2024-10-14 16:24:52, 28.81, 45.62, 2, 702, 207
2024-10-14 16:39:53, 28.43, 45.48, 2, 620, 145
2024-10-14 16:54:53, 28.57, 46.42, 2, 673, 184
2024-10-14 17:9:53, 28.76, 47.34, 2, 677, 187
2024-10-14 17:24:54, 28.76, 47.70, 3, 721, 223
2024-10-14 17:39:54, 28.66, 46.92, 2, 667, 180
2024-10-14 17:54:54, 28.69, 46.95, 2, 675, 186
2024-10-14 18:9:54, 28.72, 46.48, 2, 686, 194
2024-10-14 18:24:55, 28.47, 46.41, 2, 671, 183
2024-10-14 18:39:55, 28.14, 47.23, 2, 642, 161
2024-10-14 18:54:55, 28.29, 47.46, 2, 662, 176
2024-10-14 19:9:56, 28.47, 47.34, 2, 699, 205
2024-10-14 19:24:56, 28.56, 47.41, 3, 730, 231
2024-10-14 19:39:56, 28.67, 47.71, 3, 775, 271
2024-10-14 19:54:56, 28.63, 47.19, 3, 745, 244
2024-10-14 20:9:57, 28.70, 47.21, 3, 746, 245
2024-10-14 20:24:57, 28.74, 47.65, 3, 802, 302
2024-10-14 20:39:57, 28.77, 47.67, 3, 805, 312
2024-10-14 20:54:58, 28.84, 48.01, 3, 806, 315
2024-10-14 21:9:58, 28.79, 47.96, 3, 789, 285
2024-10-14 21:24:58, 28.82, 48.63, 3, 842, 421
2024-10-14 21:39:59, 29.25, 48.80, 3, 873, 524
2024-10-14 21:54:59, 29.62, 47.99, 4, 925, 704
2024-10-14 22:9:59, 29.85, 47.59, 3, 891, 584
2024-10-14 22:24:59, 30.08, 47.21, 3, 883, 557
2024-10-14 22:40:0, 30.19, 46.90, 3, 851, 451
2024-10-14 22:55:0, 30.30, 46.87, 3, 842, 424
2024-10-14 23:10:0, 30.45, 47.35, 3, 874, 526
2024-10-14 23:25:1, 30.52, 47.14, 3, 889, 576
2024-10-14 23:40:1, 30.41, 48.32, 4, 991, 955
2024-10-14 23:55:1, 30.63, 49.40, 4, 948, 789
2024-10-15 0:10:1, 30.71, 49.99, 4, 918, 677
2024-10-15 0:25:2, 30.66, 49.24, 4, 927, 710
2024-10-15 0:40:2, 30.63, 49.60, 4, 938, 750
2024-10-15 0:55:2, 30.88, 49.39, 4, 930, 721
2024-10-15 1:10:3, 30.96, 49.15, 4, 917, 675
2024-10-15 1:25:3, 30.95, 49.47, 4, 926, 709
2024-10-15 1:40:3, 30.96, 50.02, 4, 961, 838
2024-10-15 1:55:3, 30.63, 50.95, 4, 953, 809
2024-10-15 2:10:4, 30.55, 51.21, 4, 1009, 1032
2024-10-15 2:25:4, 30.36, 51.63, 4, 1015, 1053
2024-10-15 2:40:4, 30.26, 52.06, 4, 1154, 1682
